from	to
Origin	Draft Articles
Origin	Foreign Legislation
Origin	Traditional Sources
Draft Articles	China Draft 1923
Draft Articles	China Draft 1936
Foreign Legislation	Austria 1920
Foreign Legislation	Constitutions of Modern Nations
Foreign Legislation	Czechoslovakia 1920
Foreign Legislation	Ecuador 1929
Foreign Legislation	Estonia 1920
Foreign Legislation	Far Eastern Republic/Chita 1920
Foreign Legislation	Germany 1919
Foreign Legislation	Honduras 1924
Foreign Legislation	Lithuania 1928
Foreign Legislation	Mexico 1917
Foreign Legislation	Netherlands 1922
Foreign Legislation	Peru 1933
Foreign Legislation	Poland 1921
Foreign Legislation	Portugal 1911
Foreign Legislation	Portugal 1933
Foreign Legislation	Romania 1923
Foreign Legislation	Spain 1931
Foreign Legislation	Switzerland 1874
Foreign Legislation	The Covenant of the League of Nations 1920
Foreign Legislation	The Soviet Russia 1918
Foreign Legislation	The Soviet Union 1936
Foreign Legislation	Treaty of Versailles
Foreign Legislation	Yugoslavia 1931
Traditional Sources	Ancient Poetry
Traditional Sources	Book of Changes
Traditional Sources	Book of Han
Traditional Sources	Book of Mencius
Traditional Sources	Book of Rites
Traditional Sources	Mencius
Traditional Sources	Pre-Qin Scholars
Traditional Sources	Principle of People's Livelihood
Traditional Sources	Founding Father's Lecture
Traditional Sources	Fundamentals of National Reconstruction
China Draft 1923	Draft 1923_1923/1
China Draft 1923	Draft 1923_1923/2 (1)
China Draft 1923	Draft 1923_1923/2 (2)
China Draft 1923	Draft 1923_1923/2 (3)
China Draft 1923	Draft 1923_1923/2 (4)
China Draft 1923	Draft 1923_1923/3 (1)
China Draft 1923	Draft 1923_1923/3 (2)
China Draft 1923	Draft 1923_1923/3 (3)
China Draft 1923	Draft 1923_1923/4
China Draft 1923	Draft 1923_1923/5
China Draft 1923	Draft 1923_1923/6
China Draft 1923	Draft 1923_1923/7
China Draft 1936	Draft 1936_1936/116
China Draft 1936	Draft 1936_1936/117
China Draft 1936	Draft 1936_1936/118
China Draft 1936	Draft 1936_1936/119
China Draft 1936	Draft 1936_1936/120
China Draft 1936	Draft 1936_1936/121
China Draft 1936	Draft 1936_1936/122
China Draft 1936	Draft 1936_1936/123
China Draft 1936	Draft 1936_1936/124
China Draft 1936	Draft 1936_1936/125
China Draft 1936	Draft 1936_1936/126
China Draft 1936	Draft 1936_1936/127
China Draft 1936	Draft 1936_1936/128
China Draft 1936	Draft 1936_1936/129
China Draft 1936	Draft 1936_1936/130
China Draft 1936	Draft 1936_1936/Introduction
Austria 1920	Austria 1920_Art.11 (2)
Czechoslovakia 1920	Czechoslovakia 1920_Art.108
Czechoslovakia 1920	Czechoslovakia 1920_Art.109
Ecuador 1929	Ecuador 1929_Art.151 (14)
Estonia 1920	Estonia 1920_Art.18 (3)
Germany 1919	Germany 1919_Art.151
Germany 1919	Germany 1919_Art.152
Germany 1919	Germany 1919_Art.153
Germany 1919	Germany 1919_Art.154 (2)
Germany 1919	Germany 1919_Art.155 (1)
Germany 1919	Germany 1919_Art.155 (4)
Germany 1919	Germany 1919_Art.156
Germany 1919	Germany 1919_Art.157
Germany 1919	Germany 1919_Art.158
Germany 1919	Germany 1919_Art.158 (1)
Germany 1919	Germany 1919_Art.159
Germany 1919	Germany 1919_Art.160
Germany 1919	Germany 1919_Art.161
Germany 1919	Germany 1919_Art.162
Germany 1919	Germany 1919_Art.163
Germany 1919	Germany 1919_Art.164
Germany 1919	Germany 1919_Art.165
Germany 1919	Germany 1919_Economic Life
Honduras 1924	Honduras 1924_Art.175
Honduras 1924	Honduras 1924_Art.176
Honduras 1924	Honduras 1924_Art.177
Lithuania 1928	Lithuania 1928_Art.98
Lithuania 1928	Lithuania 1928_Art.98 (2)
Lithuania 1928	Lithuania 1928_Art.99 (2)
Mexico 1917	Mexico 1917_Art.123 (1-30)
Mexico 1917	Mexico 1917_Art.123 (29)
Mexico 1917	Mexico 1917_Art.27 (4)
Netherlands 1922	Netherlands 1922_Art.196
Peru 1933	Peru 1933_Art.42
Peru 1933	Peru 1933_Art.43
Peru 1933	Peru 1933_Art.44
Peru 1933	Peru 1933_Art.45
Peru 1933	Peru 1933_Art.46
Poland 1921	Poland 1921_Art.102
Poland 1921	Poland 1921_Art.103
Poland 1921	Poland 1921_Art.68
Poland 1921	Poland 1921_Art.99
Poland 1921	Poland 1921_Art.99 (2)
Portugal 1911	Portugal 1911_Art.25
Portugal 1933	Portugal 1933_Art.49
Romania 1923	Romania 1923_Art.19
Romania 1923	Romania 1923_Art.21
Spain 1931	Spain 1931_Art.46
Spain 1931	Spain 1931_Art.46 (2)
Switzerland 1874	Switzerland 1874_Art.34
Switzerland 1874	Switzerland 1874_Art.34 (2)
The Covenant of the League of Nations 1920	The Covenant of the League of Nations 1920_Art.23
The Soviet Russia 1918	The Soviet Russia 1918_Art.10
The Soviet Russia 1918	The Soviet Russia 1918_Art.18
The Soviet Russia 1918	The Soviet Russia 1918_Art.64
The Soviet Union 1936	The Soviet Union 1936_Art.118
The Soviet Union 1936	The Soviet Union 1936_Art.119
The Soviet Union 1936	The Soviet Union 1936_Art.120
The Soviet Union 1936	The Soviet Union 1936_Art.122 (2)
The Soviet Union 1936	The Soviet Union 1936_Art.125
The Soviet Union 1936	The Soviet Union 1936_Art.126
The Soviet Union 1936	The Soviet Union 1936_Art.7
The Soviet Union 1936	The Soviet Union 1936_Art.9
The Soviet Union 1936	The Soviet Union 1936_Chapter one
Yugoslavia 1931	Yugoslavia 1931_Art.117 (4)
Yugoslavia 1931	Yugoslavia 1931_Art.22
Yugoslavia 1931	Yugoslavia 1931_Art.23
Yugoslavia 1931	Yugoslavia 1931_Art.24
Yugoslavia 1931	Yugoslavia 1931_Art.31
Yugoslavia 1931	Yugoslavia 1931_Art.33
Principle of People's Livelihood	Principle of People's Livelihood_Lecture 1
Principle of People's Livelihood	Principle of People's Livelihood_Lecture 2
Principle of People's Livelihood	Principle of People's Livelihood_Lecture 3
Fundamentals of National Reconstruction	The Fundamentals of National Reconstruction
Fundamentals of National Reconstruction	The International Development of China
Fundamentals of National Reconstruction	The Manifesto of the First National Congress of the KMT
Fundamentals of National Reconstruction	The Manifesto of the Tongmenghui
Fundamentals of National Reconstruction	The Outline of National Reconstruction
